root_id,cell_type,side,nt
720575940602783968,ER3d,left,gaba
720575940602917088,EPGt,left,acetylcholine
720575940603094700,"ER3a_a,ER3a_d",left,gaba
720575940603409632,PFNp,left,dopamine
720575940603747360,PFNa,right,acetylcholine
720575940603823462,PEN_a(PEN1),right,acetylcholine
720575940603895584,"ER3a_a,ER3a_d",left,gaba
720575940603919537,ER1,left,gaba
720575940603942846,PFNp,right,acetylcholine
720575940603942944,PFNp,right,acetylcholine
720575940603964774,ER4d,right,gaba
720575940604157361,PFNp,right,acetylcholine
720575940604404425,PEG,left,acetylcholine
720575940604498208,PFNp,right,acetylcholine
720575940604518432,PFNv,right,acetylcholine
720575940604518944,PFNp,left,acetylcholine
720575940604561766,PFNm,right,acetylcholine
720575940604667825,PFNp,left,acetylcholine
720575940604708832,Delta7,right,glutamate
720575940604786889,PFNp,left,acetylcholine
720575940604801993,EPG,right,acetylcholine
720575940604842924,ER4d,right,gaba
720575940604967270,ER2,right,gaba
720575940605135038,PEG,right,acetylcholine
720575940605591730,PFNp,left,acetylcholine
720575940605639858,PEN_a(PEN1),left,acetylcholine
720575940605640905,PFL3,right,acetylcholine
720575940605726642,IbSpsP,right,acetylcholine
720575940605827761,EPG,left,acetylcholine
720575940605837024,ER3m,right,gaba
720575940605889760,IbSpsP,left,acetylcholine
720575940605890434,PFNp,left,acetylcholine
720575940606102729,ER4d,right,gaba
720575940606123954,PEN_b(PEN2),right,acetylcholine
720575940606137004,Delta7,right,glutamate
720575940606301874,IbSpsP,left,acetylcholine
720575940606414526,IbSpsP,left,acetylcholine
720575940606591836,ER3d,right,gaba
720575940606597298,ER2,left,gaba
720575940606734258,PFNp,right,acetylcholine
720575940606763110,ER3d,right,gaba
720575940606951893,ER2,left,gaba
720575940607039957,ER3w,left,gaba
720575940607040981,ER3w,left,gaba
720575940607227228,PFNa,left,acetylcholine
720575940607245781,ER3m,left,gaba
720575940607246549,ER3d,left,gaba
720575940607250697,PFNa,right,acetylcholine
720575940607285001,PFNa,left,acetylcholine
720575940607287305,PFNd,left,acetylcholine
720575940607290633,PFNm,right,acetylcholine
720575940607330825,PFNm,left,acetylcholine
720575940607621059,"ER3a_a,ER3a_d",right,gaba
720575940607721685,PFNa,left,acetylcholine
720575940608047299,PFNa,right,acetylcholine
720575940608064707,PFNp,left,acetylcholine
720575940608068035,PFNm,left,acetylcholine
720575940608147413,PFNp,left,acetylcholine
720575940608435012,PFNp,right,acetylcholine
720575940608673860,Delta7,right,glutamate
720575940608722371,EPG,right,acetylcholine
720575940608909870,ER1,left,gaba
720575940608918830,PEN_b(PEN2),left,acetylcholine
720575940608939362,PFNp,right,acetylcholine
720575940609019512,PFNp,left,acetylcholine
720575940609175758,PFNp,left,acetylcholine
720575940609183950,PFNp,left,acetylcholine
720575940609536120,PFNp,right,acetylcholine
720575940609604875,PFR,left,serotonin
720575940609621003,ER3m,right,gaba
720575940609843349,PFNp,right,acetylcholine
720575940609869922,PFNp,left,acetylcholine
720575940609924875,Delta7,left,glutamate
720575940610157410,PFNa,right,acetylcholine
720575940610177203,PFNm,left,acetylcholine
720575940610178417,PFNv,left,acetylcholine
720575940610208917,ER2,right,gaba
720575940610219715,PFGs,right,glutamate
720575940610249426,PEN_a(PEN1),right,acetylcholine
720575940610255458,IbSpsP,left,acetylcholine
720575940610263665,ER3m,right,gaba
720575940610363059,PFNm,left,acetylcholine
720575940610403826,PFNp,right,acetylcholine
720575940610444530,PFNp,right,acetylcholine
720575940610449587,PFNp,right,acetylcholine
720575940610451123,PFNp,right,acetylcholine
720575940610453162,PEG,right,acetylcholine
720575940610453427,EPG,left,acetylcholine
720575940610502851,PEN_a(PEN1),right,acetylcholine
720575940610505701,ER3w,right,gaba
720575940610602410,"ER3a_a,ER3a_d",left,gaba
720575940610612337,PFNp,left,acetylcholine
720575940610615269,PFNm,right,acetylcholine
720575940610640357,PFNa,left,acetylcholine
720575940610670250,PFR,right,dopamine
720575940610675123,ER3m,left,gaba
720575940610682261,PFNm,right,acetylcholine
720575940610686938,PFNp,right,acetylcholine
720575940610860250,PFNa,left,acetylcholine
720575940610877098,PFR,left,dopamine
720575940610901930,EPG,left,acetylcholine
720575940610929114,PFNp,right,acetylcholine
720575940610980932,ExR3,left,dopamine
720575940611048306,ER2,left,gaba
720575940611102469,PFNm,left,acetylcholine
720575940611181518,PFR,right,serotonin
720575940611216099,EPG,right,acetylcholine
720575940611296790,Delta7,right,glutamate
720575940611375001,IbSpsP,right,acetylcholine
720575940611396835,PEG,right,acetylcholine
720575940611527794,PFNv,right,acetylcholine
720575940611583923,PFNa,left,acetylcholine
720575940611612018,PFNm,left,acetylcholine
720575940611669987,ER3d,left,gaba
720575940611856760,ER3w,right,gaba
720575940611939026,PFNd,left,acetylcholine
720575940611944675,PFNp,left,acetylcholine
720575940611946194,ER3p_b,left,gaba
720575940611947235,PFNp,left,acetylcholine
720575940611960274,ER3d,right,gaba
720575940612099986,PEG,right,acetylcholine
720575940612127151,ER3d,left,gaba
720575940612208754,ER5,left,gaba
720575940612211496,PFR,right,dopamine
720575940612238255,ER3w,left,gaba
720575940612248883,PFNp,left,acetylcholine
720575940612272424,PFL1,left,acetylcholine
720575940612310824,PFNp,left,acetylcholine
720575940612351510,ER1,left,gaba
720575940612453522,PFNm,left,acetylcholine
720575940612568985,PFNm,left,acetylcholine
720575940612589735,PFNv,right,acetylcholine
720575940612631970,ER3d,left,gaba
720575940612710184,PFNp,left,acetylcholine
720575940612712401,PFNp,left,acetylcholine
720575940612763158,PEN_b(PEN2),right,acetylcholine
720575940612765330,PFNp,right,acetylcholine
720575940612831486,PFNp,right,acetylcholine
720575940612861842,PFNa,left,acetylcholine
720575940612862882,PFNp,left,acetylcholine
720575940612869269,ExR1,left,gaba
720575940612870952,PFL3,right,acetylcholine
720575940612892670,PFNd,left,acetylcholine
720575940612916114,ER3d,left,gaba
720575940612916370,ER3m,left,gaba
720575940612920466,PEN_b(PEN2),right,acetylcholine
720575940612936154,PFL3,left,acetylcholine
720575940612937073,ExR7,left,acetylcholine
720575940612939154,PFNd,right,acetylcholine
720575940612979090,ER3w,right,gaba
720575940613115289,PFNp,left,acetylcholine
720575940613152423,"ER3a_b,ER3a_c",right,gaba
720575940613184362,PFNp,right,acetylcholine
720575940613214098,PFNd,right,acetylcholine
720575940613301471,PFNp,right,acetylcholine
720575940613338521,ER3d,left,gaba
720575940613353726,PFNa,right,acetylcholine
720575940613374879,PFNp,left,acetylcholine
720575940613403042,PFNp,left,acetylcholine
720575940613412258,PFNp,right,acetylcholine
720575940613434786,PFNm,right,acetylcholine
720575940613441442,PFNa,right,acetylcholine
720575940613492114,PFNp,right,acetylcholine
720575940613497490,PFNm,left,acetylcholine
720575940613526674,PFNp,left,acetylcholine
720575940613552018,PFNp,right,acetylcholine
720575940613674663,PFNd,right,acetylcholine
720575940613676402,ER3m,right,gaba
720575940613686442,ER1,left,gaba
720575940613700674,ER3p_a,right,gaba
720575940613714430,PFNd,right,acetylcholine
720575940613754527,PFNd,left,acetylcholine
720575940613825695,ER3p_a,left,gaba
720575940613829535,PFL1,right,acetylcholine
720575940613829900,EPG,right,acetylcholine
720575940613836438,EPG,right,acetylcholine
720575940613869974,IbSpsP,left,acetylcholine
720575940613958412,PFNm,left,acetylcholine
720575940614002143,PFNp,right,acetylcholine
720575940614073315,ER3d,right,gaba
720575940614123570,PFNp,left,acetylcholine
720575940614297640,EPG,right,acetylcholine
720575940614326782,IbSpsP,right,acetylcholine
720575940614355654,PFNp,right,acetylcholine
720575940614686943,ER2,left,gaba
720575940614735558,PFNp,left,acetylcholine
720575940614886331,PFNp,left,serotonin
720575940614900127,PFNm,right,acetylcholine
720575940614920379,PFNa,left,acetylcholine
720575940614923963,PFNp,right,acetylcholine
720575940614926475,EPG,left,acetylcholine
720575940615043670,PFNp,right,acetylcholine
720575940615089494,ER2,left,gaba
720575940615098683,PFNp,left,acetylcholine
720575940615101747,ExR1,right,acetylcholine
720575940615177099,PEN_b(PEN2),left,acetylcholine
720575940615183755,PFNd,left,acetylcholine
720575940615220802,PFNv,left,acetylcholine
720575940615324670,ER4m,left,gaba
720575940615444882,ER3p_a,left,gaba
720575940615502130,PFNd,right,acetylcholine
720575940615526289,ER3d,left,gaba
720575940615620002,LNO2,right,glutamate
720575940615650022,ER5,right,gaba
720575940615654100,PFNd,left,acetylcholine
720575940615661661,PFNp,right,acetylcholine
720575940615664779,PFNp,left,acetylcholine
720575940615673949,PFGs,left,serotonin
720575940615682955,PFNp,left,acetylcholine
720575940615694009,PFNp,left,serotonin
720575940615742977,PFNp,right,acetylcholine
720575940615748753,PFNm,left,acetylcholine
720575940615764061,PFR,right,dopamine
720575940615782841,PFNp,left,acetylcholine
720575940615843985,ER2,left,gaba
720575940615865238,ER4m,right,gaba
720575940615916957,PFNp,left,acetylcholine
720575940615973771,PFNv,left,acetylcholine
720575940615988710,PFNp,left,acetylcholine
720575940616007005,PFNp,right,acetylcholine
720575940616025378,ER3w,right,gaba
720575940616040148,PFGs,left,glutamate
720575940616136733,PFNp,right,acetylcholine
720575940616197021,ER2,right,gaba
720575940616205083,ER3d,right,gaba
720575940616221401,PFNm,left,acetylcholine
720575940616287377,PFNp,left,acetylcholine
720575940616299348,PFNp,left,acetylcholine
720575940616328517,ER2,right,gaba
720575940616441410,ER3m,right,gaba
720575940616445250,ER3d,right,gaba
720575940616458821,IbSpsP,right,acetylcholine
720575940616459333,PEN_b(PEN2),right,acetylcholine
720575940616462310,PFNp,left,acetylcholine
720575940616501919,"ER3a_a,ER3a_d",left,gaba
720575940616502066,EPG,right,acetylcholine
720575940616505759,"ER3a_b,ER3a_c",left,gaba
720575940616506527,ER6,right,gaba
720575940616507807,"ER3a_b,ER3a_c",right,gaba
720575940616539990,ER5,left,gaba
720575940616542277,ER3p_b,left,gaba
720575940616543745,PFNv,left,acetylcholine
720575940616569601,EPG,right,acetylcholine
720575940616571682,PFNm,right,acetylcholine
720575940616571938,PFNp,right,acetylcholine
720575940616580379,PFNp,left,acetylcholine
720575940616584607,ER3w,left,gaba
720575940616599360,PFNp,right,acetylcholine
720575940616616166,Delta7,left,glutamate
720575940616654370,PFL3,right,acetylcholine
720575940616752155,ER5,left,gaba
720575940616764731,PFL1,left,acetylcholine
720575940616765469,PFNp,right,acetylcholine
720575940616769051,Delta7,right,glutamate
720575940616813858,PFR,right,serotonin
720575940616842141,PFNm,right,acetylcholine
720575940616855074,PFNa,right,acetylcholine
720575940616884765,PFNp,right,acetylcholine
720575940616885824,PFL1,right,acetylcholine
720575940616891698,ER3d,left,gaba
720575940616893746,"ER3a_a,ER3a_d",left,gaba
720575940616946662,ER1,right,gaba
720575940616966557,PFNv,right,acetylcholine
720575940616985030,Delta7,right,glutamate
720575940617098580,ER2,left,gaba
720575940617187329,ER3d,right,gaba
720575940617236667,PFGs,left,dopamine
720575940617417270,PFNp,right,acetylcholine
720575940617425781,ER3d,left,gaba
720575940617483860,ER5,left,gaba
720575940617498688,PFL2,left,acetylcholine
720575940617517691,ER1,left,gaba
720575940617523174,ER6,right,gaba
720575940617523416,PFNp,right,acetylcholine
720575940617559125,PFNp,left,acetylcholine
720575940617585624,PFNd,right,acetylcholine
720575940617630001,ER2,right,gaba
720575940617672226,LPsP,right,acetylcholine
720575940617724107,ER1,left,gaba
720575940617752537,Delta7,left,acetylcholine
720575940617769851,EPG,left,acetylcholine
720575940617819185,PFNa,right,acetylcholine
720575940617828731,PEN_b(PEN2),left,acetylcholine
720575940617920670,PFNa,right,acetylcholine
720575940618045986,ER3m,right,gaba
720575940618103513,"ER3a_a,ER3a_d",right,gaba
720575940618146901,PFNp,right,acetylcholine
720575940618153153,PFNm,left,acetylcholine
720575940618198977,PFNd,right,acetylcholine
720575940618248869,PFNp,right,acetylcholine
720575940618306469,ER3w,right,gaba
720575940618348760,PFNm,left,acetylcholine
720575940618403719,PFNa,right,acetylcholine
720575940618461349,PFNp,right,acetylcholine
720575940618508518,"ER3a_b,ER3a_c",right,gaba
720575940618608213,IbSpsP,left,acetylcholine
720575940618612952,EPG,left,acetylcholine
720575940618618350,ER1,left,gaba
720575940618627377,PFNa,right,acetylcholine
720575940618648235,PFNm,left,acetylcholine
720575940618704043,PFGs,left,dopamine
720575940618709184,PFNp,right,acetylcholine
720575940618710918,PFNp,left,acetylcholine
720575940618732782,ER3p_a,right,gaba
720575940618742864,PFNp,right,acetylcholine
720575940618746491,PFR,right,acetylcholine
720575940618759361,PFL3,left,acetylcholine
720575940618774352,PFNm,left,acetylcholine
720575940618782912,ER3p_a,left,gaba
720575940618787841,PFGs,right,glutamate
720575940618798470,PFNm,right,acetylcholine
720575940618858837,PFNa,left,acetylcholine
720575940618997440,PFNd,right,acetylcholine
720575940619006087,PFL3,right,acetylcholine
720575940619006272,EPG,right,acetylcholine
720575940619010286,PFNp,right,acetylcholine
720575940619014941,ER3d,left,gaba
720575940619051088,PFNm,left,acetylcholine
720575940619056705,PFNp,right,acetylcholine
720575940619068352,PFNp,right,acetylcholine
720575940619069093,PFNp,right,acetylcholine
720575940619072158,ER1,right,gaba
720575940619085478,PFNa,right,acetylcholine
720575940619087013,PFNm,left,acetylcholine
720575940619104539,"ER3a_b,ER3a_c",right,gaba
720575940619114689,PFNp,left,acetylcholine
720575940619160769,PFNa,right,acetylcholine
720575940619169518,Delta7,left,glutamate
720575940619185830,ER2,right,gaba
720575940619228737,PFNp,left,acetylcholine
720575940619249088,Delta7,left,glutamate
720575940619253869,PFNp,left,acetylcholine
720575940619254704,ER2,right,gaba
720575940619274416,PFNp,right,acetylcholine
720575940619296365,EPG,left,acetylcholine
720575940619401563,PFNp,left,acetylcholine
720575940619419227,PFNm,right,acetylcholine
720575940619436342,ER4m,right,gaba
720575940619469488,PFNm,left,acetylcholine
720575940619476126,PEN_a(PEN1),right,acetylcholine
720575940619477232,ER3p_a,right,gaba
720575940619489088,PFGs,left,serotonin
720575940619503445,PFNa,right,acetylcholine
720575940619574181,PFGs,left,serotonin
720575940619648116,PFL3,left,acetylcholine
720575940619658111,ER3d,right,gaba
720575940619661632,"ER3a_b,ER3a_c",left,gaba
720575940619737510,PFNa,right,acetylcholine
720575940619767744,ER3d,right,gaba
720575940619780973,PFNa,right,acetylcholine
720575940619781229,PFNa,right,acetylcholine
720575940619802800,PFL3,right,acetylcholine
720575940619818593,PFNp,right,acetylcholine
720575940619829765,ER3d,right,gaba
720575940619835892,PFNm,right,acetylcholine
720575940619843845,ER1,left,gaba
720575940619845547,ExR2_2,right,dopamine
720575940619905404,EPGt,left,acetylcholine
720575940619928917,IbSpsP,right,acetylcholine
720575940619957786,ER3p_a,right,gaba
720575940619968892,PFNp,right,acetylcholine
720575940620007412,PFNp,left,serotonin
720575940620010405,"ER3a_b,ER3a_c",right,acetylcholine
720575940620014203,PFR,left,serotonin
720575940620020694,EPG,right,acetylcholine
720575940620024534,PEG,right,acetylcholine
720575940620026502,ER3p_a,left,gaba
720575940620027515,ExR6,left,glutamate
720575940620028795,PFR,right,acetylcholine
720575940620084604,ER2,right,gaba
720575940620109082,PFNp,left,acetylcholine
720575940620139643,ER2,right,gaba
720575940620142196,PFNm,right,acetylcholine
720575940620169851,ER5,right,gaba
720575940620197441,PFGs,right,glutamate
720575940620202266,PFL3,left,acetylcholine
720575940620267073,PFNp,right,acetylcholine
720575940620282906,EPG,left,acetylcholine
720575940620391337,PFNm,left,acetylcholine
720575940620419354,EPGt,right,acetylcholine
720575940620443764,PFNp,right,serotonin
720575940620448681,ER1,right,gaba
720575940620476748,PFNp,right,acetylcholine
720575940620478847,PFNm,right,acetylcholine
720575940620552308,ExR2_1,left,dopamine
720575940620554740,PFNp,left,acetylcholine
720575940620571953,ExR4,left,acetylcholine
720575940620589082,Delta7,left,glutamate
720575940620649292,PFNm,left,acetylcholine
720575940620657140,PFL2,right,acetylcholine
720575940620664741,EPG,right,acetylcholine
720575940620668069,ER2,left,gaba
720575940620708702,PFNp,left,acetylcholine
720575940620776406,PEG,right,acetylcholine
720575940620776662,EPGt,right,acetylcholine
720575940620789697,PFNd,right,acetylcholine
720575940620818721,PFNp,left,acetylcholine
720575940620818977,PFNd,right,acetylcholine
720575940620872669,ER2,left,gaba
720575940620880007,"ER3a_a,ER3a_d",right,gaba
720575940620899964,PFNp,right,acetylcholine
720575940620952865,PFL2,right,acetylcholine
720575940620957353,PFNv,left,acetylcholine
720575940621040112,PFNa,right,acetylcholine
720575940621065677,ER1,right,gaba
720575940621066776,ER3w,right,gaba
720575940621073246,PFNp,right,acetylcholine
720575940621074835,PEN_a(PEN1),left,acetylcholine
720575940621076144,PFGs,left,acetylcholine
720575940621086079,PFNp,right,serotonin
720575940621088536,PFNd,left,acetylcholine
720575940621132065,PFNp,right,acetylcholine
720575940621155092,ER3d,right,gaba
720575940621167496,PFNp,right,acetylcholine
720575940621202200,PFNv,right,acetylcholine
720575940621252735,Delta7,left,glutamate
720575940621268830,ExR5,right,glutamate
720575940621276952,PFNd,left,acetylcholine
720575940621283760,IbSpsP,left,acetylcholine
720575940621289571,PFNp,left,acetylcholine
720575940621292996,PFNp,right,acetylcholine
720575940621341716,ER2,left,gaba
720575940621343764,PFNv,left,acetylcholine
720575940621361172,Delta7,right,glutamate
720575940621442601,PFNa,left,acetylcholine
720575940621478861,PFNp,left,serotonin
720575940621496956,PFNm,right,acetylcholine
720575940621499004,PFNp,right,acetylcholine
720575940621501380,PFNp,left,acetylcholine
720575940621502157,Delta7,right,glutamate
720575940621515391,PFR,right,acetylcholine
720575940621537023,PFNp,right,acetylcholine
720575940621569930,ER2,right,gaba
720575940621584068,"ER3a_a,ER3a_d",right,gaba
720575940621598954,PFNp,right,acetylcholine
720575940621656815,PFNm,left,acetylcholine
720575940621671593,Delta7,left,glutamate
720575940621712166,PFNv,left,acetylcholine
720575940621749226,ER3d,left,gaba
720575940621749261,PFNd,left,acetylcholine
720575940621750285,PFNp,right,acetylcholine
720575940621764490,PFNd,left,acetylcholine
720575940621825518,PFGs,right,glutamate
720575940621854563,ExR8,left,acetylcholine
720575940621905869,ER2,left,gaba
720575940621975081,PFR,right,dopamine
720575940622028253,IbSpsP,left,acetylcholine
720575940622030861,ER3p_b,left,gaba
720575940622081516,PEG,left,acetylcholine
720575940622138564,PEG,left,acetylcholine
720575940622147881,PFNp,right,acetylcholine
720575940622156148,PFR,left,serotonin
720575940622217654,PFGs,right,serotonin
720575940622227550,"ER3a_a,ER3a_d",right,gaba
720575940622234326,PFL3,left,acetylcholine
720575940622252493,ER3m,left,gaba
720575940622265894,PEN_b(PEN2),left,acetylcholine
720575940622296573,PFNd,left,acetylcholine
720575940622307248,PFNp,left,acetylcholine
720575940622312472,PFNp,right,serotonin
720575940622331274,PFNp,right,acetylcholine
720575940622331786,PFNp,right,acetylcholine
720575940622333578,LNO1,left,gaba
720575940622342576,ER4d,left,gaba
720575940622348725,PFL1,right,acetylcholine
720575940622364771,EPG,right,acetylcholine
720575940622422507,PFL1,left,acetylcholine
720575940622431305,ER3p_a,right,gaba
720575940622433140,"ER3a_a,ER3a_d",left,gaba
720575940622455369,PFNm,left,acetylcholine
720575940622569827,PFNa,left,acetylcholine
720575940622609299,ER4d,left,gaba
720575940622620296,IbSpsP,right,acetylcholine
720575940622727629,PFL3,left,acetylcholine
720575940622736713,IbSpsP,right,acetylcholine
720575940622772137,PEN_a(PEN1),left,acetylcholine
720575940622811636,ER1,right,gaba
720575940622815123,PFGs,right,serotonin
720575940622840300,PFNp,left,acetylcholine
720575940622913260,PEN_a(PEN1),left,acetylcholine
720575940622939124,ER2,left,gaba
720575940622940967,PFNd,right,acetylcholine
720575940622945037,LNO2,left,gaba
720575940622974707,ER3w,left,gaba
720575940622986219,PFNd,left,acetylcholine
720575940622991252,"ER3a_a,ER3a_d",right,gaba
720575940623022315,PFNp,left,acetylcholine
720575940623046548,EPG,left,acetylcholine
720575940623059214,PFNp,right,dopamine
720575940623084471,PFGs,left,serotonin
720575940623194632,PFNp,left,acetylcholine
720575940623201789,ER3d,left,gaba
720575940623219463,ER4d,right,gaba
720575940623233259,PFNa,right,acetylcholine
720575940623297038,ER3w,left,gaba
720575940623306168,PEG,right,acetylcholine
720575940623344460,PFNa,left,acetylcholine
720575940623375595,IbSpsP,left,acetylcholine
720575940623388237,PEN_b(PEN2),right,acetylcholine
720575940623392949,PFGs,left,glutamate
720575940623419465,PFNp,right,serotonin
720575940623430621,PFL3,left,acetylcholine
720575940623440381,PFNp,right,serotonin
720575940623441996,"ER3a_a,ER3a_d",right,gaba
720575940623449480,LNO1,left,gaba
720575940623466632,ER4d,left,gaba
720575940623468988,PFNp,right,acetylcholine
720575940623498476,PFNm,left,acetylcholine
720575940623500692,PFNa,right,acetylcholine
720575940623540007,PFNp,right,acetylcholine
720575940623559974,ER3p_a,left,gaba
720575940623581005,PFNp,right,acetylcholine
720575940623585255,PFL2,right,acetylcholine
720575940623698324,ER4d,left,gaba
720575940623852873,EPG,left,acetylcholine
720575940623897955,PFR,right,dopamine
720575940623904551,PFR,left,dopamine
720575940623937976,PFL2,right,acetylcholine
720575940624004752,ER2,left,gaba
720575940624006327,Delta7,right,glutamate
720575940624039370,PFNp,right,acetylcholine
720575940624082725,PFNm,left,acetylcholine
720575940624096234,EPG,left,acetylcholine
720575940624108862,ER5,left,gaba
720575940624114712,Delta7,right,glutamate
720575940624135060,ER3d,left,gaba
720575940624163109,PFNm,left,acetylcholine
720575940624180263,ER4d,left,gaba
720575940624274276,PFNp,right,acetylcholine
720575940624280676,PFNm,right,acetylcholine
720575940624320318,PFL3,left,acetylcholine
720575940624323475,ExR2_2,left,dopamine
720575940624326462,PFNp,right,acetylcholine
720575940624336316,PFNp,right,acetylcholine
720575940624337338,PFNp,left,acetylcholine
720575940624356234,ER3d,left,gaba
720575940624373837,ER4d,right,gaba
720575940624452902,LPsP,left,glutamate
720575940624453680,PEN_b(PEN2),left,acetylcholine
720575940624470812,ER3w,right,gaba
720575940624562952,PFNd,right,acetylcholine
720575940624594726,PEN_a(PEN1),right,acetylcholine
720575940624608714,PFNp,right,acetylcholine
720575940624612912,PFNp,right,serotonin
720575940624617397,PFNa,left,acetylcholine
720575940624638650,PFNp,right,acetylcholine
720575940624669733,Delta7,right,glutamate
720575940624737869,PFNv,left,acetylcholine
720575940624738234,PFNp,left,serotonin
720575940624754981,PFL2,left,acetylcholine
720575940624759652,PFNa,left,acetylcholine
720575940624773148,IbSpsP,left,acetylcholine
720575940624783287,ER3d,right,gaba
720575940624784280,EPG,left,acetylcholine
720575940624827523,PFNa,left,acetylcholine
720575940624836810,PFNm,right,acetylcholine
720575940624837453,ER5,right,gaba
720575940624852057,PFNp,left,acetylcholine
720575940624863516,PFR,left,dopamine
720575940624879678,PEN_a(PEN1),left,acetylcholine
720575940624888010,PFNp,left,acetylcholine
720575940625009182,PFNp,left,acetylcholine
720575940625013144,PFNp,left,acetylcholine
720575940625021796,PEN_b(PEN2),left,acetylcholine
720575940625131913,PFNp,right,acetylcholine
720575940625172764,PFNa,left,acetylcholine
720575940625176092,PFNm,left,acetylcholine
720575940625213898,IbSpsP,right,acetylcholine
720575940625218685,ER3d,right,gaba
720575940625233445,ER3d,left,gaba
720575940625262108,IbSpsP,right,acetylcholine
720575940625276745,"ER3a_a,ER3a_d",right,gaba
720575940625308162,PFL3,right,acetylcholine
720575940625351354,EPG,left,acetylcholine
720575940625366846,ER2,right,gaba
720575940625390153,Delta7,left,glutamate
720575940625407107,PEN_a(PEN1),left,acetylcholine
720575940625413763,PFNp,left,acetylcholine
720575940625415813,PEN_b(PEN2),right,acetylcholine
720575940625424642,PFNp,right,acetylcholine
720575940625453145,PFNm,left,acetylcholine
720575940625464328,ER3d,right,gaba
720575940625470266,PFNp,left,acetylcholine
720575940625506027,ER3d,right,gaba
720575940625508500,Delta7,left,glutamate
720575940625511762,ER4d,right,gaba
720575940625516830,ER4d,left,gaba
720575940625528638,PEG,left,acetylcholine
720575940625537301,PFNm,right,acetylcholine
720575940625541434,PFNd,left,acetylcholine
720575940625653223,ExR2_1,right,dopamine
720575940625659028,ER2,right,gaba
720575940625671441,ER3w,left,gaba
720575940625748753,PFNp,left,acetylcholine
720575940625790778,PEG,right,acetylcholine
720575940625821017,PFNa,right,acetylcholine
720575940625829192,ER5,right,gaba
720575940625864360,ER3w,left,gaba
720575940625871949,ER2,left,gaba
720575940625880472,PFR,right,dopamine
720575940625902823,PFGs,right,serotonin
720575940625929971,ExR4,right,acetylcholine
720575940625932275,PFR,left,serotonin
720575940625951321,PFNm,right,acetylcholine
720575940625968792,PFGs,right,dopamine
720575940626099343,PFL1,right,acetylcholine
720575940626119240,PFNp,right,dopamine
720575940626137895,EPG,left,acetylcholine
720575940626194428,PEN_a(PEN1),left,acetylcholine
720575940626237726,PFNp,right,acetylcholine
720575940626243965,ER2,right,gaba
720575940626261480,ER3w,left,gaba
720575940626291998,"ER3a_a,ER3a_d",right,gaba
720575940626306321,PEN_b(PEN2),right,serotonin
720575940626315207,EPG,left,acetylcholine
720575940626315975,ER1,right,gaba
720575940626329841,ER1,right,gaba
720575940626336381,ER1,right,gaba
720575940626363654,ER3w,right,gaba
720575940626407820,PEN_b(PEN2),right,acetylcholine
720575940626421578,ER3w,right,gaba
720575940626449082,EPG,right,acetylcholine
720575940626456083,ER4d,left,gaba
720575940626458897,ER2,left,gaba
720575940626469909,PEN_a(PEN1),left,acetylcholine
720575940626471957,PFL1,right,acetylcholine
720575940626493461,PFNp,right,acetylcholine
720575940626534986,PFNm,right,acetylcholine
720575940626535189,PFNa,left,acetylcholine
720575940626579185,PFNm,left,acetylcholine
720575940626610960,ER5,right,gaba
720575940626637128,LNO1,right,gaba
720575940626692039,PFNv,right,acetylcholine
720575940626721835,EPG,right,acetylcholine
720575940626749545,PFNp,left,acetylcholine
720575940626759656,PFNp,right,acetylcholine
720575940626763688,PFL2,left,acetylcholine
720575940626781522,PFNa,left,acetylcholine
720575940626794257,IbSpsP,left,acetylcholine
720575940626824015,PEG,right,acetylcholine
720575940626827024,ER3d,right,gaba
720575940626856041,PFNp,left,acetylcholine
720575940626887171,ER3m,left,gaba
720575940626894588,PFNm,right,acetylcholine
720575940626897148,PFNp,left,acetylcholine
720575940626947331,PFNp,right,acetylcholine
720575940626964240,PFNa,left,acetylcholine
720575940626998769,IbSpsP,right,acetylcholine
720575940627029254,PFNp,right,acetylcholine
720575940627033875,PFGs,left,glutamate
720575940627048847,ExR8,right,acetylcholine
720575940627067654,PFNa,left,acetylcholine
720575940627119089,PFNp,left,acetylcholine
720575940627121168,PFNp,right,acetylcholine
720575940627128216,ER3m,left,gaba
720575940627129786,"ER3a_a,ER3a_d",left,gaba
720575940627137009,PFNp,left,acetylcholine
720575940627140551,EPG,right,acetylcholine
720575940627161700,ER3d,right,gaba
720575940627264062,ExR3,right,dopamine
720575940627296652,PFNp,left,acetylcholine
720575940627299227,ER3p_b,right,gaba
720575940627299483,ER3p_b,right,gaba
720575940627305100,PFNp,left,acetylcholine
720575940627317252,Delta7,left,glutamate
720575940627321755,PEG,left,acetylcholine
720575940627385031,PFNd,right,acetylcholine
720575940627400776,PFR,left,glutamate
720575940627418750,PFNa,left,acetylcholine
720575940627499520,ER2,left,gaba
720575940627523102,IbSpsP,left,acetylcholine
720575940627615610,PFNp,left,acetylcholine
720575940627648299,PFNp,right,acetylcholine
720575940627653114,PEN_b(PEN2),right,acetylcholine
720575940627667984,PFNp,left,acetylcholine
720575940627701609,ER3d,left,gaba
720575940627730206,PFGs,right,dopamine
720575940627877114,ER3w,left,gaba
720575940627890072,ER4d,right,gaba
720575940627913436,PEG,left,acetylcholine
720575940627934449,PFNd,left,acetylcholine
720575940627935610,PFR,left,dopamine
720575940627945747,Delta7,left,glutamate
720575940627958046,ER3d,right,gaba
720575940628007171,"ER3a_b,ER3a_c",left,gaba
720575940628014488,ER4d,right,gaba
720575940628029634,PFNd,left,acetylcholine
720575940628031531,PFNm,left,acetylcholine
720575940628045762,PFNa,right,acetylcholine
720575940628048428,PFNp,right,acetylcholine
720575940628067846,PFR,right,dopamine
720575940628072748,PFNp,right,acetylcholine
720575940628093895,"ER3a_a,ER3a_d",right,gaba
720575940628140785,"ER3a_b,ER3a_c",left,gaba
720575940628164229,Delta7,right,glutamate
720575940628182722,PFNp,left,acetylcholine
720575940628211340,PFNp,right,acetylcholine
720575940628212796,ER5,left,gaba
720575940628218959,PFNm,left,acetylcholine
720575940628242220,PFNp,right,acetylcholine
720575940628307706,PFNp,left,acetylcholine
720575940628317715,ER3d,left,gaba
720575940628362812,ER2,right,gaba
720575940628375166,PFNp,right,serotonin
720575940628377856,PFR,left,serotonin
720575940628457448,PFL3,left,acetylcholine
720575940628491260,ER4m,left,gaba
720575940628493572,EPG,right,acetylcholine
720575940628493828,Delta7,right,glutamate
720575940628552826,PFNp,left,acetylcholine
720575940628557178,PEN_a(PEN1),right,acetylcholine
720575940628576250,PFGs,right,serotonin
720575940628585922,PFNp,left,acetylcholine
720575940628587202,PFL3,left,acetylcholine
720575940628623616,PFNp,left,acetylcholine
720575940628630011,PFNp,left,acetylcholine
720575940628631612,IbSpsP,right,acetylcholine
720575940628733292,ER2,right,gaba
720575940628763002,PFNm,right,acetylcholine
720575940628772345,ER5,right,gaba
720575940628788332,ER2,right,gaba
720575940628789626,PFGs,left,dopamine
720575940628802041,EPG,left,acetylcholine
720575940628806607,PFNp,right,acetylcholine
720575940628819447,PFNp,left,acetylcholine
720575940628843458,EPG,right,acetylcholine
720575940628866809,PEN_a(PEN1),left,acetylcholine
720575940628907607,ER1,left,gaba
720575940628972119,PFNm,left,acetylcholine
720575940628984950,ER1,left,gaba
720575940629055447,Delta7,left,glutamate
720575940629116716,ER1,left,gaba
720575940629117566,PFNp,left,acetylcholine
720575940629196670,Delta7,right,glutamate
720575940629213639,ER4d,right,gaba
720575940629244166,ER3d,right,gaba
720575940629259023,ER1,left,gaba
720575940629268486,ER4m,left,gaba
720575940629357074,PFNp,left,acetylcholine
720575940629379835,ER1,right,gaba
720575940629388027,PFNp,left,acetylcholine
720575940629399287,PFNp,left,serotonin
720575940629448463,PFNp,right,acetylcholine
720575940629483735,PFR,left,dopamine
720575940629497462,PFNm,right,acetylcholine
720575940629511802,"ER3a_b,ER3a_c",left,gaba
720575940629515126,PFNp,right,acetylcholine
720575940629516793,PFNp,right,acetylcholine
720575940629526570,PFNv,right,acetylcholine
720575940629550039,PFNm,right,acetylcholine
720575940629597647,PFNa,right,acetylcholine
720575940629606475,PFL1,right,acetylcholine
720575940629609167,PFNm,right,acetylcholine
720575940629683062,ER2,left,gaba
720575940629691753,EPG,left,acetylcholine
720575940629711376,ER3d,right,gaba
720575940629712727,PFNd,right,acetylcholine
720575940629720848,ER4d,right,gaba
720575940629733114,ER4d,left,gaba
720575940629758762,PFNd,left,acetylcholine
720575940629786103,PFNp,left,acetylcholine
720575940629840207,ER3d,left,gaba
720575940629864259,PFNp,right,acetylcholine
720575940629865925,PFNa,left,acetylcholine
720575940629889080,PFNp,left,serotonin
720575940629922934,PFL2,left,acetylcholine
720575940629999119,PFNv,right,acetylcholine
720575940630016249,PFNp,right,acetylcholine
720575940630019323,PFNd,right,acetylcholine
720575940630021115,PFGs,left,serotonin
720575940630022395,ER3m,left,gaba
720575940630025528,PFR,right,dopamine
720575940630050105,PFNm,right,acetylcholine
720575940630058827,PFNm,right,acetylcholine
720575940630148655,PFR,right,dopamine
720575940630199759,PFGs,left,serotonin
720575940630199963,EPG,right,acetylcholine
720575940630278028,PFNm,left,acetylcholine
720575940630343210,PFNa,right,acetylcholine
720575940630348140,"ER3a_a,ER3a_d",left,gaba
720575940630410321,PFNp,left,acetylcholine
720575940630411823,PFNp,left,serotonin
720575940630545489,"ER3a_a,ER3a_d",left,gaba
720575940630569272,ER6,left,gaba
720575940630574895,ER1,right,gaba
720575940630596921,PFNp,right,acetylcholine
720575940630602444,PFNp,right,acetylcholine
720575940630631736,PFL1,left,acetylcholine
720575940630653604,PFL3,left,acetylcholine
720575940630658807,ER3m,right,gaba
720575940630666404,PEN_b(PEN2),right,acetylcholine
720575940630728588,PFL3,left,acetylcholine
720575940630755276,ER3d,right,gaba
720575940630758014,PFNm,left,acetylcholine
720575940630786733,PFNp,left,acetylcholine
720575940630822175,PFR,right,dopamine
720575940630895789,ER5,left,gaba
720575940630904121,ER4d,left,gaba
720575940630976886,ER4m,left,gaba
720575940630984749,PFNp,left,serotonin
720575940631024977,PFNm,left,acetylcholine
720575940631049519,PFNd,left,acetylcholine
720575940631084751,ER3m,left,gaba
720575940631093303,ER4m,right,gaba
720575940631125036,EPG,right,acetylcholine
720575940631151663,PFL3,right,acetylcholine
720575940631154743,ER6,left,gaba
720575940631166637,PFL1,left,acetylcholine
720575940631173120,ER3p_a,left,gaba
720575940631244136,Delta7,left,glutamate
720575940631246765,ER3p_a,left,gaba
720575940631248865,ER3w,right,gaba
720575940631369149,PFNp,right,acetylcholine
720575940631372369,PEN_b(PEN2),left,acetylcholine
720575940631416057,ER5,right,gaba
720575940631487047,ER4d,left,gaba
720575940631520839,PFNv,left,acetylcholine
720575940631537735,ExR8,left,acetylcholine
720575940631626491,ExR7,right,acetylcholine
720575940631698861,PFNp,left,acetylcholine
720575940631708836,EPG,right,acetylcholine
720575940631724717,PFNp,right,acetylcholine
720575940631813796,ER5,left,gaba
720575940631820825,ER5,left,gaba
720575940631895065,ER1,left,gaba
720575940631990359,Delta7,left,glutamate
720575940632049935,Delta7,right,glutamate
720575940632082148,PFNp,left,acetylcholine
720575940632216289,PFNp,right,acetylcholine
720575940632318751,"ER3a_b,ER3a_c",right,gaba
720575940632339682,PFNd,right,acetylcholine
720575940632366879,ER5,right,gaba
720575940632385066,ER5,left,gaba
720575940632402588,PFR_a,left,dopamine
720575940632598220,Delta7,left,glutamate
720575940632598343,ER4m,left,gaba
720575940632602850,ER3d,right,gaba
720575940632614295,EPG,left,acetylcholine
720575940632653719,PFNp,right,acetylcholine
720575940632669977,PFNa,left,acetylcholine
720575940632707539,PFNp,left,serotonin
720575940632736703,PEN_a(PEN1),right,acetylcholine
720575940632742099,ExR5,right,glutamate
720575940632844002,EPG,right,acetylcholine
720575940632852793,"ER3a_a,ER3a_d",right,gaba
720575940632977633,IbSpsP,left,acetylcholine
720575940632988351,ER2,right,gaba
720575940632994399,ER3d,left,gaba
720575940632996307,IbSpsP,left,acetylcholine
720575940633006176,ER3d,left,gaba
720575940633015452,PFNp,left,acetylcholine
720575940633021084,PFNp,left,acetylcholine
720575940633105378,Delta7,left,glutamate
720575940633145903,ExR6,right,gaba
720575940633184908,IbSpsP,left,acetylcholine
720575940633223727,Delta7,right,glutamate
720575940633237402,ER3p_a,left,gaba
720575940633303743,PFNv,left,acetylcholine
720575940633368171,PFNm,left,acetylcholine
720575940633423255,PFNp,left,acetylcholine
720575940633442468,PFR,left,serotonin
720575940633455968,LNOa,right,gaba
720575940633538724,PEN_a(PEN1),right,acetylcholine
720575940633620132,ExR5,left,glutamate
720575940633623743,PFNm,left,acetylcholine
720575940633631789,ER3d,right,gaba
720575940633655452,LNOa,left,gaba
720575940633658559,PFNa,left,acetylcholine
720575940633719487,EPG,left,acetylcholine
720575940633724852,PFNp,left,acetylcholine
720575940633797677,PFGs,right,serotonin
720575940633815800,PFNp,right,acetylcholine
720575940633819487,PFNm,left,acetylcholine
720575940633848312,PFL1,left,acetylcholine
720575940633848683,PFNp,left,acetylcholine
720575940633918827,Delta7,right,glutamate
720575940633946045,PFNp,right,acetylcholine
720575940633946775,PFNp,right,acetylcholine
720575940634036159,PFNm,left,acetylcholine
720575940634096339,ER4m,right,gaba
720575940634244207,PFNp,right,acetylcholine
720575940634348024,PFNp,left,acetylcholine
720575940634355960,PFNp,right,acetylcholine
720575940634360056,PFNp,left,acetylcholine
720575940634360824,PFNv,right,acetylcholine
720575940634620898,ER1,left,gaba
720575940634627191,Delta7,left,glutamate
720575940634843247,PFNd,right,acetylcholine
720575940634893419,LNO1,right,acetylcholine
720575940635152153,ER4d,right,gaba
720575940635153527,PFL2,left,acetylcholine
720575940635201422,PFNm,right,acetylcholine
720575940635229797,PFNm,left,acetylcholine
720575940635239342,PFNm,right,acetylcholine
720575940635373935,ER2,right,gaba
720575940635412622,PFNm,right,acetylcholine
720575940635427982,EPG,left,acetylcholine
720575940635430030,PFL3,right,acetylcholine
720575940635461550,EPG,left,acetylcholine
720575940635462318,PFNm,left,acetylcholine
720575940635467150,PFL2,right,acetylcholine
720575940635481262,PFL3,right,acetylcholine
720575940635586851,PFNm,right,acetylcholine
720575940635588131,PFNp,right,acetylcholine
720575940635632023,PFR,left,dopamine
720575940635759002,ER4m,right,gaba
720575940635784560,IbSpsP,left,acetylcholine
720575940635814512,PFNm,right,acetylcholine
720575940635990640,PFL2,right,acetylcholine
720575940636063204,PFGs,right,acetylcholine
720575940636134366,ER1,right,glutamate
720575940636222810,ER1,right,gaba
720575940636242778,PEN_b(PEN2),left,acetylcholine
720575940636354650,PEG,left,acetylcholine
720575940636380649,PFNa,right,acetylcholine
720575940636395610,ER2,left,gaba
720575940636413176,ER3d,left,gaba
720575940636455280,ExR5,left,glutamate
720575940636662244,PFNv,right,acetylcholine
720575940636730694,EPG,right,acetylcholine
720575940636802532,PFNm,right,acetylcholine
720575940636868186,PFL3,right,acetylcholine
720575940636916713,PFNm,right,acetylcholine
720575940636940870,ER2,right,gaba
720575940636994111,PFL1,left,acetylcholine
720575940637126222,ER5,right,gaba
720575940637279095,"ER3a_b,ER3a_c",right,gaba
720575940637330142,PEG,left,acetylcholine
720575940637356351,PFNp,left,acetylcholine
720575940637369653,PEG,right,acetylcholine
720575940637369909,PEG,right,acetylcholine
720575940637475561,PFL1,right,acetylcholine
720575940637487593,ER2,right,gaba
720575940637591262,Delta7,left,glutamate
720575940637644659,PEN_a(PEN1),right,acetylcholine
720575940637681267,ER3w,right,gaba
720575940637699747,ER3p_a,left,gaba
720575940637790013,PFNp,right,serotonin
720575940637837621,PFNa,left,acetylcholine
720575940637862062,ER2,left,gaba
720575940637890621,PFNp,left,acetylcholine
720575940638017862,PFNm,right,acetylcholine
720575940638055869,PEN_b(PEN2),left,acetylcholine
720575940638060632,PFNd,left,acetylcholine
720575940638070862,PFNp,right,acetylcholine
720575940638076733,PFNa,left,acetylcholine
720575940638081870,PFNp,left,acetylcholine
720575940638086528,PFNp,right,acetylcholine
720575940638130758,Delta7,right,glutamate
720575940638169456,ER5,right,gaba
720575940638319744,PFNp,right,acetylcholine
720575940638469584,PEG,left,acetylcholine
720575940638490531,PFNm,right,acetylcholine
720575940638494416,PFNm,left,acetylcholine
720575940638498000,PFNp,left,acetylcholine
720575940638542424,PFNd,left,acetylcholine
720575940638542936,PFNp,right,acetylcholine
720575940638549574,ER3w,left,gaba
720575940638594768,ER1,right,gaba
720575940638608216,PFNp,left,acetylcholine
720575940638662232,PFNm,right,acetylcholine
720575940638663000,PFNa,right,acetylcholine
720575940638678616,PFL2,left,acetylcholine
720575940638832512,PEN_b(PEN2),left,acetylcholine
720575940638845648,PFNp,right,acetylcholine
720575940638846080,PFNp,left,acetylcholine
720575940638846848,PFNp,left,acetylcholine
720575940638847104,PEN_a(PEN1),right,acetylcholine
720575940638850512,EPG,left,acetylcholine
720575940638901875,PFL3,right,acetylcholine
720575940638919485,IbSpsP,left,acetylcholine
720575940639088105,Delta7,right,glutamate
720575940639209461,"ER3a_a,ER3a_d",right,gaba
720575940639214655,ER3d,left,gaba
720575940639234367,ER3w,left,gaba
720575940639239908,ER1,left,gaba
720575940639278399,ExR1,left,gaba
720575940639426293,"ER3a_b,ER3a_c",left,gaba
720575940639426805,ER2,left,gaba
720575940639473909,PFNd,right,acetylcholine
720575940639590528,PFNd,left,acetylcholine
720575940639622272,IbSpsP,right,acetylcholine
720575940639935963,PFNa,right,acetylcholine
720575940640026045,ER4m,left,gaba
720575940640359643,PFNp,left,acetylcholine
720575940640424589,ER3p_a,right,gaba
720575940640424845,ER3p_a,right,gaba
720575940640749939,ExR1,right,acetylcholine
720575940640760179,ER3w,right,gaba
720575940640785267,PFNd,right,acetylcholine
720575940640993933,PFNp,right,acetylcholine
720575940641112192,"ER3a_a,ER3a_d",left,gaba
720575940641173376,PFGs,right,glutamate
720575940641723808,PFNp,left,acetylcholine
720575940642013088,PFNp,left,acetylcholine
720575940642071968,PFNm,right,acetylcholine
720575940642245064,PFNp,right,acetylcholine
720575940642486747,PFNa,left,acetylcholine
720575940642634532,EPG,left,acetylcholine
720575940642855328,PEN_a(PEN1),left,acetylcholine
720575940642877088,ER4d,right,gaba
720575940643020836,ER2,right,gaba
720575940643221271,PFNm,right,acetylcholine
720575940643498788,PFNp,left,acetylcholine
720575940643526510,PFNp,right,acetylcholine
720575940643535982,PFNp,right,acetylcholine
720575940643558692,PEN_b(PEN2),left,acetylcholine
720575940643567652,PFNa,right,acetylcholine
720575940643702551,PFNv,right,acetylcholine
720575940643814344,IbSpsP,right,acetylcholine
720575940643915300,ER4d,right,gaba
720575940644607011,PFNp,right,serotonin
720575940644631587,PFNm,right,acetylcholine
720575940644645412,Delta7,right,glutamate
720575940644658542,PFR,left,dopamine
720575940644706083,PFL3,right,acetylcholine
720575940644733975,PFR,right,dopamine
720575940644786228,PFNp,right,acetylcholine
720575940645009699,PFNd,right,acetylcholine
720575940645057828,ExR7,right,acetylcholine
720575940645179592,ER3d,right,gaba
720575940645202467,PFNp,left,acetylcholine
720575940645238819,PFNp,left,acetylcholine
720575940645448995,PFNp,right,acetylcholine
720575940645552948,PFNp,right,acetylcholine
720575940645823876,Delta7,right,glutamate
720575940645909300,ExR8,right,acetylcholine
720575940645918340,PFNp,right,acetylcholine
720575940645990532,ER2,left,gaba
720575940647731833,ER3p_a,right,gaba
720575940647872889,PFNm,left,acetylcholine
720575940648569988,"ER3a_a,ER3a_d",left,gaba
720575940648938617,PFNp,left,serotonin
720575940650293494,ER2,left,gaba
720575940650362614,PFNp,right,acetylcholine
720575940650785401,ExR7,left,acetylcholine
720575940650785657,"ER3a_b,ER3a_c",left,gaba
720575940650926326,Delta7,left,glutamate
720575940652702710,ER4d,left,gaba
720575940652809889,ER5,right,gaba
720575940653031585,ER1,right,gaba
720575940653093793,PFNp,left,acetylcholine
720575940653326326,ER3w,right,gaba
720575940653346550,PFGs,left,serotonin
720575940653347830,PFGs,left,serotonin
720575940653624310,Delta7,left,glutamate
720575940654008993,PFNm,right,acetylcholine
720575940658101889,EPG,left,acetylcholine
720575940658472065,PEN_b(PEN2),right,acetylcholine
720575940658852481,PFNp,left,acetylcholine
720575940660921985,EPG,right,acetylcholine
